35;Tue Oct  4 22:59:45 2022
32;Tue Oct  4 22:59:45 2022
23;Tue Oct  4 22:59:45 2022
39;Tue Oct  4 22:59:45 2022
29;Tue Oct  4 22:59:46 2022
27;Tue Oct  4 22:59:46 2022
30;Tue Oct  4 22:59:46 2022
28;Tue Oct  4 22:59:46 2022
44;Tue Oct  4 22:59:47 2022
23;Tue Oct  4 22:59:47 2022
36;Tue Oct  4 22:59:48 2022
30;Tue Oct  4 22:59:48 2022
42;Tue Oct  4 22:59:48 2022
21;Tue Oct  4 22:59:49 2022
32;Tue Oct  4 22:59:49 2022
37;Tue Oct  4 22:59:49 2022
30;Tue Oct  4 22:59:49 2022
28;Tue Oct  4 22:59:50 2022
24;Tue Oct  4 22:59:50 2022
44;Tue Oct  4 22:59:50 2022
24;Tue Oct  4 22:59:50 2022
41;Tue Oct  4 22:59:51 2022
37;Tue Oct  4 22:59:51 2022
42;Tue Oct  4 22:59:51 2022
38;Tue Oct  4 22:59:51 2022
31;Tue Oct  4 22:59:52 2022
30;Tue Oct  4 22:59:52 2022
40;Tue Oct  4 22:59:52 2022
